<application>
  <component name="AppStorage">
    <histories>
      <item value="delete Quietly" />
      <item value="Interval" />
      <item value="Constant" />
      <item value="Eagerly" />
      <item value="0  Try upgrading your version of hibernate and see if it works. Looks like the version of hibernate that you're using doesn't have the method:" />
      <item value="nested" />
      <item value="Invocation of init method failed;" />
      <item value="经度" />
      <item value="paged" />
      <item value="page" />
      <item value="factor" />
      <item value="倍数" />
      <item value="Service reference default config" />
      <item value="you cannot assign userLocation's id" />
      <item value="ltatitude" />
      <item value="longtitude" />
      <item value="atitude" />
      <item value="lgt" />
      <item value="lat" />
      <item value="Checks autowiring problems in a bean class." />
      <item value="The service interface class name" />
      <item value="Check dependency providers" />
      <item value="The method invoke timeout" />
      <item value="combine" />
      <item value="Repackages existing JAR and WAR archives" />
      <item value="archives" />
      <item value="Repackages existing JAR and WAR archives so that they can be executed from the command&#10;line using {@literal java -jar}." />
      <item value="Repackages existing JAR and WAR archives so that they can be executed from the command&#10;line using {@literal java -jar}. With &amp;lt;code&amp;gt;layout=NONE&amp;lt;/code&amp;gt; can also be used simply&#10;to package a JAR with nested dependencies (and no main class, so not executable)." />
      <item value="executions" />
      <item value="executed" />
      <item value="This is a set of instructions to the archive builder, especially for building .jar files. It enables you to&#10;specify a Manifest file for the jar, in addition to other options." />
      <item value="The goals to execute with the given configuration" />
      <item value="The identifier of this execution for labelling the goals during the build, and for matching exections to merge during inheritance" />
      <item value="The build lifecycle phase to bind the goals in this execution to. If omitted, the goals will be bound to the default specified in their metadata." />
      <item value="archive" />
      <item value="assembly" />
      <item value="Found Banned Dependency" />
      <item value="org.apache.maven.plugins.enforcer.BannedDependencies failed with message: Found Banned Dependency: commons-logging:commons-logging:jar:1.1.1" />
      <item value="excluded" />
      <item value="artifact" />
      <item value="artifact Id" />
      <item value="Lists a set of artifacts that should be excluded from this dependency&amp;apos;s artifact list when it comes to calculating transitive dependencies." />
      <item value="assign" />
      <item value="Static utility methods pertaining to Predicate instances.&#10;All methods returns serializable predicates as long as they're given serializable parameters." />
      <item value="Returns an unmodifiable view of the intersection of two sets. The returned set contains all elements that are contained by both backing sets. The iteration order of the returned set matches that of set1. Results are undefined if set1 and set2 are sets based on different equivalence relations (as HashSet, TreeSet, and the keySet of an IdentityHashMap all are). Note: The returned view performs slightly better when set1 is the smaller of the two sets. If you have reason to believe one of your sets will generally be smaller than the other, pass it first. Unfortunately, since this method sets the generic type of the returned set based on the type of the first set passed, this could in rare cases force you to make a cast, for example:" />
      <item value="Returns an unmodifiable view of the intersection of two sets. The returned set contains all elements that are contained by both backing sets. The iteration order of the returned set matches that of set1.&#10;Results are undefined if set1 and set2 are sets based on different equivalence relations (as HashSet, TreeSet, and the keySet of an IdentityHashMap all are).&#10;Note: The returned view performs slightly better when set1 is the smaller of the two sets. If you have reason to believe one of your sets will generally be smaller than the other, pass it first. Unfortunately, since this method sets the generic type of the returned set based on the type of the first set passed, this could in rare cases force you to make a cast, for example:" />
      <item value="intersection" />
      <item value="Redundant default attribute value assignment" />
      <item value="上一页" />
      <item value="新增" />
    </histories>
    <option name="languageScores">
      <map>
        <entry key="CHINESE" value="146" />
        <entry key="ENGLISH" value="147" />
        <entry key="POLISH" value="1" />
        <entry key="DANISH" value="1" />
        <entry key="FRENCH" value="3" />
        <entry key="PORTUGUESE" value="1" />
        <entry key="SLOVENIAN" value="1" />
        <entry key="HUNGARIAN" value="1" />
        <entry key="ITALIAN" value="1" />
      </map>
    </option>
  </component>
  <component name="Settings">
    <option name="ignoreRegExp" value="" />
  </component>
</application>